{"cameraMode":{"drawMode":0,"name":"Shaded","section":"Shading Mode"},"sceneLighting":true,"audioPlay":false,"sceneViewState":{"showFog":true,"showMaterialUpdate":false,"showSkybox":true,"showFlares":true,"showImageEffects":true,"showParticleSystems":true},"in2DMode":false,"pivot":{"x":2.477071762084961,"y":5.877377510070801,"z":-2.063504219055176},"rotation":{"x":-0.18822763860225678,"y":0.799441397190094,"z":-0.31745490431785586,"w":-0.47401195764541628},"size":10.433985710144043,"orthographic":true}