{"cameraMode":{"drawMode":0,"name":"Shaded","section":"Shading Mode"},"sceneLighting":false,"audioPlay":false,"sceneViewState":{"showFog":true,"showMaterialUpdate":false,"showSkybox":false,"showFlares":true,"showImageEffects":true,"showParticleSystems":true},"in2DMode":false,"pivot":{"x":1.2385358810424805,"y":-2.5113110542297365,"z":-1.031752109527588},"rotation":{"x":0.08568470180034638,"y":-0.8490462303161621,"z":0.14530788362026215,"w":0.5006647109985352},"size":52.86418914794922,"orthographic":true}