{"cameraMode":{"drawMode":0,"name":"Shaded","section":"Shading Mode"},"sceneLighting":false,"audioPlay":false,"sceneViewState":{"showFog":true,"showMaterialUpdate":false,"showSkybox":false,"showFlares":true,"showImageEffects":true,"showParticleSystems":true},"in2DMode":false,"pivot":{"x":1.2385358810424805,"y":2.9386887550354006,"z":-1.031752109527588},"rotation":{"x":-0.010441184043884278,"y":0.7741853594779968,"z":-0.01277532335370779,"w":-0.632745087146759},"size":52.86418914794922,"orthographic":true}