{"cameraMode":{"drawMode":0,"name":"Shaded","section":"Shading Mode"},"sceneLighting":true,"audioPlay":false,"sceneViewState":{"showFog":true,"showMaterialUpdate":false,"showSkybox":true,"showFlares":true,"showImageEffects":true,"showParticleSystems":true},"in2DMode":false,"pivot":{"x":0.336181640625,"y":-0.130615234375,"z":3.231689453125},"rotation":{"x":0.24267558753490449,"y":-0.5553431510925293,"z":0.17361484467983247,"w":0.7762478590011597},"size":4.52491569519043,"orthographic":true}