{"cameraMode":{"drawMode":0,"name":"Shaded","section":"Shading Mode"},"sceneLighting":false,"audioPlay":false,"sceneViewState":{"showFog":true,"showMaterialUpdate":false,"showSkybox":false,"showFlares":true,"showImageEffects":true,"showParticleSystems":true},"in2DMode":false,"pivot":{"x":-0.0027618408203125,"y":0.9952392578125,"z":0.0},"rotation":{"x":0.11524122953414917,"y":-0.007451141718775034,"z":0.0008620086591690779,"w":0.9933194518089294},"size":0.2508852183818817,"orthographic":true}